104.129.193.93	sitereview.zscaler.com
104.16.0.35	registry.npmjs.org
104.17.38.96	supportcontent.elsevier.com
104.18.0.22	unpkg.com
104.18.1.22	unpkg.com
104.18.160.117	cdn.prod.website-files.com
104.18.161.117	cdn.prod.website-files.com
104.18.24.21	dap.pat-issuer.cloudflare.com
104.18.24.21,104.18.25.21	dap.pat-issuer.cloudflare.com
104.18.32.137	geolocation.onetrust.com
104.18.32.137	privacyportal.onetrust.com
104.18.35.233	apiauth.convex.dev
104.18.35.233	auth.convex.dev
104.18.86.42	cdn.cookielaw.org
104.18.87.42	cdn.cookielaw.org
104.19.230.21	js.hcaptcha.com
104.208.16.88	mobile.events.data.microsoft.com
104.21.112.1	cloudflare-ech.com
104.21.64.1	cloudflare-ech.com
104.21.96.1	cloudflare-ech.com
104.26.0.151	api.monkeytype.com
104.26.0.151	monkeytype.com
104.26.1.151	monkeytype.com
104.26.6.37	www.exceldemy.com
104.26.7.37	www.exceldemy.com
104.40.3.53	officeci.azurewebsites.net
104.79.84.26	configuration.apple.com
104.79.84.26	configuration.apple.com.akadns.net
104.79.84.26	pd.itunes.apple.com
104.79.84.26	s.mzstatic.com
104.79.84.57	swscan.apple.com
104.79.85.13	e6858.dsce9.akamaiedge.net
104.79.85.13	www.apple.com
104.86.97.28	www.apple.com
104.88.157.251	www.microsoft.com
13.107.136.10	canadaeast1-mediap.svc.ms
13.107.136.10	johnabbott-my.sharepoint.com
13.107.136.10	johnabbott.sharepoint.com
13.107.136.10	mcgill.sharepoint.com
13.107.136.10,13.107.138.10	14807-ipv4v6c.clump.dprodmgd105.aa-rt.sharepoint.com
13.107.136.10,13.107.138.10	194885-ipv4v6.farm.dprodmgd105.aa-rt.sharepoint.com.dual-spo-0005.spo-msedge.net
13.107.136.10,13.107.138.10	194885-ipv4v6c.farm.dprodmgd105.aa-rt.sharepoint.com
13.107.136.10,13.107.138.10	194885-ipv4v6e.farm.dprodmgd105.sharepointonline.com.akadns.net
13.107.136.10,13.107.138.10	canadaeast1-mediap.svc.ms
13.107.136.10,13.107.138.10	dual-spo-0005.spo-msedge.net
13.107.136.10,13.107.138.10	johnabbott-my.sharepoint.com
13.107.136.10,13.107.138.10	johnabbott.sharepoint.com
13.107.136.10,13.107.138.10	mcgill.sharepoint.com
13.107.246.35	aadcdn.msauth.net
13.107.246.35	mem.gfx.ms
13.107.246.35	playgroundcdn.typescriptlang.org
13.107.246.35	support.microsoft.com
13.107.253.35	logincdn.msauth.net
13.107.253.35	relcomms-prod-dagnegedescbeefs.b02.azurefd.net
13.33.25.86	d3e54v103j8qbb.cloudfront.net
13.33.67.108	cdn.ablebits.com
13.33.67.9	cdn.ablebits.com
13.59.48.42	swallow.apple.com
13.83.56.107	clients.config.office.net
13.89.178.27	browser.events.data.microsoft.com
13.89.179.10	mobile.events.data.microsoft.com
13.89.179.11	mobile.events.data.microsoft.com
13.89.179.11	onedscolprdcus15.centralus.cloudapp.azure.com
132.206.11.25	adfs.mcgill.ca
132.206.27.28	shibboleth.mcgill.ca
132.216.98.55	www.library.mcgill.ca
140.82.112.25	alive.github.com
140.82.112.26	alive.github.com
140.82.112.3	github.com
140.82.112.4	github.com
140.82.112.5	api.github.com
140.82.112.6	api.github.com
140.82.113.25	alive.github.com
140.82.113.3	github.com
140.82.113.4	github.com
140.82.113.5	api.github.com
140.82.113.6	api.github.com
140.82.114.25	alive.github.com
140.82.114.3	github.com
140.82.114.5	api.github.com
142.250.69.100	www.google.com
142.250.69.106	www.googleapis.com
142.250.69.106,142.250.69.74,142.250.69.138,142.250.69.42	www.googleapis.com
142.250.69.110	google.com
142.250.69.110	m.youtube.com
142.250.69.110,142.250.69.78,142.250.69.142,142.250.69.46	www.youtube-nocookie.com
142.250.69.129	apidata.googleusercontent.com
142.250.69.138	www.googleapis.com
142.250.69.138,142.250.69.42,142.250.69.106,142.250.69.74	www.googleapis.com
142.250.69.138,142.250.69.42,142.250.69.106,142.250.69.74	youtubei.googleapis.com
142.250.69.142,142.250.69.46,142.250.69.110,142.250.69.78	www.youtube-nocookie.com
142.250.69.33	apidata.googleusercontent.com
142.250.69.42	www.googleapis.com
142.250.69.42,142.250.69.106,142.250.69.74,142.250.69.138	www.googleapis.com
142.250.69.42,142.250.69.106,142.250.69.74,142.250.69.138	youtube.googleapis.com
142.250.69.46	google.com
142.250.69.46	m.youtube.com
142.250.69.46	www.google-analytics.com
142.250.69.65	apidata.googleusercontent.com
142.250.69.74	www.googleapis.com
142.250.69.74,142.250.69.106,142.250.69.42,142.250.69.138	www.googleapis.com
142.250.69.74,142.250.69.138,142.250.69.42,142.250.69.106	www.googleapis.com
142.250.69.74,142.250.69.138,142.250.69.42,142.250.69.106	youtube.googleapis.com
142.250.69.78,142.250.69.110,142.250.69.46,142.250.69.142	www.youtube.com
142.250.69.78,142.250.69.142,142.250.69.46,142.250.69.110	www.youtube.com
142.250.69.97	apidata.googleusercontent.com
142.251.32.65	lh3.googleusercontent.com
142.251.32.65	yt3.googleusercontent.com
142.251.32.67	ssl.gstatic.com
142.251.32.74	addons-pa.clients6.google.com
142.251.32.74	espresso-pa.clients6.google.com
142.251.32.74	identitytoolkit.googleapis.com
142.251.32.74	securetoken.googleapis.com
142.251.32.74	waa-pa.clients6.google.com
142.251.32.78	www.youtube-nocookie.com
142.251.32.78	www.youtube.com
142.251.32.78	youtube.com
142.251.32.86	i.ytimg.com
142.251.33.161	yt3.ggpht.com
142.251.33.170	espresso-pa.clients6.google.com
142.251.33.170	firebase.googleapis.com
142.251.33.170	fonts.googleapis.com
142.251.33.170	jnn-pa.googleapis.com
142.251.33.170	waa-pa.clients6.google.com
142.251.33.174	drive.google.com
142.251.33.174	www.youtube.com
142.251.33.182	i.ytimg.com
142.251.41.33	apidata.googleusercontent.com
142.251.41.33	googlehosted.l.googleusercontent.com
142.251.41.35	fonts.gstatic.com
142.251.41.35	www.gstatic.com
142.251.41.36	www.google.com
142.251.41.42	addons-pa.clients6.google.com
142.251.41.42	drivefrontend-pa.clients6.google.com
142.251.41.42	espresso-pa.clients6.google.com
142.251.41.42	firebase.googleapis.com
142.251.41.42	securetoken.googleapis.com
142.251.41.42	waa-pa.clients6.google.com
142.251.41.46	apis.google.com
142.251.41.46	play.google.com
142.251.41.46	www.youtube.com
142.251.41.54	i.ytimg.com
142.251.41.74	addons-pa.clients6.google.com
142.251.41.74	espresso-pa.clients6.google.com
142.251.41.74	firebase.googleapis.com
142.251.41.74	safebrowsing.googleapis.com
142.251.41.74	waa-pa.clients6.google.com
142.251.41.78	accounts.youtube.com
142.251.41.78	i9.ytimg.com
142.251.41.78	www.youtube.com
142.251.41.83	relay-prod.typeracer.com
142.251.41.86	i.ytimg.com
147.154.237.60	service.elsevier.com
149.112.121.10	private.canadianshield.cira.ca
149.112.121.10,149.112.122.10	private.canadianshield.cira.ca
15.157.113.30	prd.ca-central-1.telemetryservice.brightspace.com
15.197.167.90	www.netlify.com
15.222.143.214	dcfbdb62-c795-46f6-8e79-5b675afe91bd.enrollments.api.brightspace.com
15.222.143.214	dcfbdb62-c795-46f6-8e79-5b675afe91bd.organizations.api.brightspace.com
15.222.143.214	mycourses2.mcgill.ca
15.223.126.254	prd.activityfeed.ca-central-1.brightspace.com
150.238.2.180	gmfvaudreuildorion.ca
151.101.1.229	cdn.jsdelivr.net
151.101.124.157	platform.twitter.com
151.101.125.140	a.thumbs.redditmedia.com
151.101.125.140	b.thumbs.redditmedia.com
151.101.125.140	external-preview.redd.it
151.101.125.140	i.redd.it
151.101.125.140	packaged-media.redd.it
151.101.125.140	preview.redd.it
151.101.125.140	styles.redditmedia.com
151.101.125.140	www.reddit.com
151.101.125.140	www.redditstatic.com
151.101.125.55	app.launchdarkly.com
151.101.125.91	api.accounts.firefox.com
151.101.125.91	firefox-settings-attachments.cdn.mozilla.net
151.101.125.91	firefox.settings.services.mozilla.com
151.101.125.91	profile.accounts.firefox.com
151.101.125.91	sync-1-us-west1-g.sync.services.mozilla.com
151.101.125.91	token.services.mozilla.com
151.101.139.52	ohttp-relay1.fastly-edge.com
151.101.139.6	amp-api.media.apple.com
151.101.139.6	apps.mzstatic.com
151.101.139.6	bag-cdn-lb.itunes-apple.com.akadns.net
151.101.139.6	bag-cdn.itunes-apple.com.akadns.net
151.101.139.6	bag.itunes.apple.com
151.101.139.6	h3.apis.apple.map.fastly.net
151.101.139.6	is1-ssl.mzstatic.com
151.101.139.8	swcdn.apple.com
151.101.193.91	services.addons.mozilla.org
151.101.65.229	cdn.jsdelivr.net
16.52.64.125	mycourses2.mcgill.ca
162.125.4.17	dl-debug.dropbox.com
162.125.4.18	www.dropbox.com
162.125.4.22	edge.dropboxstatic.com
162.159.130.232	images-ext-1.discordapp.net
162.159.130.234	gateway.discord.gg
162.159.133.232	media.discordapp.net
162.159.133.233	cloudflare-ech.com
162.159.134.234	discord.gg
162.159.135.233	cloudflare-ech.com
162.159.136.232	status.discord.com
162.159.138.232	discord.com
162.159.196.66	apple-relay.cloudflare.com
162.159.196.66,162.159.194.66,172.64.68.66,172.64.69.66	apple-relay.cloudflare.com
167.114.15.225	www.gmfpci.com
169.150.219.114	images.dmca.com
169.150.219.114	phys.b-cdn.net
169.150.219.114	scx1.b-cdn.net
17.111.103.19	humb.apple.com
17.111.103.20	gdmf.apple.com
17.137.162.3	gdmf.apple.com
17.137.170.10	iphonesubmissions.apple.com
17.138.175.254	kt-prod.ess.apple.com
17.145.8.1	kt-prod.ess.apple.com
17.156.129.129	lcdn-locator.apple.com
17.156.129.129	lcdn-locator.apple.com.akadns.net
17.156.129.37	sandbox.itunes.apple.com
17.157.64.79	gsas.apple.com
17.171.47.23	gdmf.apple.com
17.171.47.23	gdmf.v.aaplimg.com
17.171.98.34	radarsubmissions.apple.com
17.179.252.18	gsas.apple.com
17.179.252.2	gsa.apple.com
17.188.143.222,17.188.178.61,17.188.178.156,17.188.143.3,17.188.143.226,17.188.178.188,17.188.178.124,17.188.178.92	us-sandbox-courier-4.push-apple.com.akadns.net
17.188.143.226,17.188.178.156,17.188.143.3,17.188.143.222,17.188.178.61,17.188.178.92,17.188.178.220,17.188.178.124	1.courier-sandbox-push-apple.com.akadns.net
17.188.143.226,17.188.178.92,17.188.178.61,17.188.178.220,17.188.178.188,17.188.143.3,17.188.143.222,17.188.178.124	1.courier-sandbox-push-apple.com.akadns.net
17.188.168.142,17.188.169.135,17.188.169.136,17.188.170.199,17.188.168.145,17.188.170.200,17.188.168.144,17.188.168.210	1-courier.sandbox.push.apple.com
17.188.168.142,17.188.170.199,17.188.169.136,17.188.170.203,17.188.169.135,17.188.168.146,17.188.168.144,17.188.171.72	1.courier-sandbox-push-apple.com.akadns.net
17.188.168.146,17.188.170.203,17.188.168.142,17.188.168.141,17.188.168.143,17.188.168.224,17.188.168.144,17.188.170.199	1-courier.sandbox.push.apple.com
17.188.169.136,17.188.168.224,17.188.170.200,17.188.170.203,17.188.168.143,17.188.168.210,17.188.168.142,17.188.170.199	1.courier-sandbox-push-apple.com.akadns.net
17.188.170.199,17.188.168.210,17.188.168.141,17.188.168.143,17.188.170.203,17.188.171.72,17.188.168.144,17.188.168.224	1-courier.sandbox.push.apple.com
17.188.170.199,17.188.168.210,17.188.169.135,17.188.168.142,17.188.170.203,17.188.168.145,17.188.168.144,17.188.171.72	1-courier.sandbox.push.apple.com
17.188.171.72,17.188.168.144,17.188.168.146,17.188.169.135,17.188.170.203,17.188.169.136,17.188.170.199,17.188.168.142	1-courier.sandbox.push.apple.com
17.188.171.72,17.188.168.144,17.188.168.146,17.188.169.135,17.188.170.203,17.188.169.136,17.188.170.199,17.188.168.142	1.courier-sandbox-push-apple.com.akadns.net
17.188.178.124,17.188.178.220,17.188.143.226,17.188.143.222,17.188.178.156,17.188.178.188,17.188.178.92,17.188.178.61	1.courier-sandbox-push-apple.com.akadns.net
17.188.178.156,17.188.178.188,17.188.143.222,17.188.143.226,17.188.178.124,17.188.143.3,17.188.178.92,17.188.178.220	1-courier.sandbox.push.apple.com
17.188.178.220,17.188.178.124,17.188.178.61,17.188.178.92,17.188.143.226,17.188.178.156,17.188.143.3,17.188.143.222	1.courier-sandbox-push-apple.com.akadns.net
17.188.178.220,17.188.178.188,17.188.178.92,17.188.178.156,17.188.143.3,17.188.143.226,17.188.143.222,17.188.178.124	1-courier.sandbox.push.apple.com
17.188.178.61,17.188.178.188,17.188.178.156,17.188.178.124,17.188.143.226,17.188.143.222,17.188.143.3,17.188.178.220	1-courier.sandbox.push.apple.com
17.188.178.92,17.188.178.156,17.188.143.226,17.188.143.222,17.188.178.124,17.188.178.188,17.188.178.220,17.188.143.3	1.courier-sandbox-push-apple.com.akadns.net
17.188.182.196	init.push.apple.com
17.188.182.196,17.188.182.68,17.188.182.4,17.188.182.132,17.188.183.4	init.push.apple.com
17.188.182.4	init.push.apple.com
17.188.182.4,17.188.182.196,17.188.182.68,17.188.182.132,17.188.183.4	init.push.apple.com
17.23.112.11	inappcheck.itunes.apple.com
17.23.112.11	p18-buy-lb.itunes-apple.com.akadns.net
17.23.112.11	p18-buy.itunes-apple.com.akadns.net
17.23.112.11	p18-buy.itunes.apple.com
17.242.179.27	gs-loc.apple.com
17.248.199.12	api.apple-cloudkit.com
17.248.199.12	p131-acsegateway.icloud.com
17.248.199.12	p131-contacts.icloud.com
17.248.199.12	p131-escrowproxy.icloud.com
17.248.199.12	unlinkability.apple.com
17.248.199.12,17.248.199.65,17.248.199.70,17.248.199.69,17.248.199.67	unlinkability.apple.com
17.248.199.12,17.248.199.66,17.248.199.68,17.248.199.69,17.248.199.70	contacts.fe2.apple-dns.net
17.248.199.12,17.248.199.66,17.248.199.71,17.248.199.68,17.248.199.64	p131-contacts.icloud.com
17.248.199.12,17.248.199.67,17.248.199.65,17.248.199.69,17.248.199.64	p131-contacts.icloud.com
17.248.199.12,17.248.199.67,17.248.199.69,17.248.199.65,17.248.199.64,17.248.199.71	p131-contacts.icloud.com
17.248.199.12,17.248.199.68,17.248.199.67,17.248.199.71,17.248.199.70	api.apple-cloudkit.com
17.248.199.12,17.248.199.69,17.248.199.64,17.248.199.71,17.248.199.67	p131-acsegateway.icloud.com
17.248.199.12,17.248.199.69,17.248.199.68,17.248.199.71	api.apple-cloudkit.fe2.apple-dns.net
17.248.199.12,17.248.199.71,17.248.199.64,17.248.199.68	p131-contacts.icloud.com
17.248.199.64	gateway.icloud.com
17.248.199.64	mask-api.icloud.com
17.248.199.64	p131-caldav.icloud.com
17.248.199.64	p131-contacts.icloud.com
17.248.199.64	setup.icloud.com
17.248.199.64,17.248.199.12,17.248.199.70,17.248.199.65,17.248.199.66,17.248.199.71	setup.icloud.com
17.248.199.64,17.248.199.66,17.248.199.12,17.248.199.68,17.248.199.65,17.248.199.71	api.apple-cloudkit.com
17.248.199.64,17.248.199.68,17.248.199.67,17.248.199.65,17.248.199.70,17.248.199.69	mask-api.icloud.com
17.248.199.64,17.248.199.69,17.248.199.65,17.248.199.68,17.248.199.12	gateway.icloud.com
17.248.199.64,17.248.199.71,17.248.199.67,17.248.199.65,17.248.199.68,17.248.199.70	p131-caldav.icloud.com
17.248.199.65	gateway.icloud.com
17.248.199.65	p131-caldav.icloud.com
17.248.199.65	p131-contacts.icloud.com
17.248.199.65	setup.icloud.com
17.248.199.65,17.248.199.64,17.248.199.69,17.248.199.12	p131-contacts.icloud.com
17.248.199.65,17.248.199.66,17.248.199.70,17.248.199.69	api.apple-cloudkit.com
17.248.199.65,17.248.199.67,17.248.199.66,17.248.199.68,17.248.199.12,17.248.199.69	setup.icloud.com
17.248.199.65,17.248.199.69,17.248.199.66,17.248.199.68,17.248.199.71,17.248.199.64	caldav.fe2.apple-dns.net
17.248.199.65,17.248.199.69,17.248.199.68,17.248.199.64,17.248.199.12	api.apple-cloudkit.com
17.248.199.65,17.248.199.71,17.248.199.66,17.248.199.67,17.248.199.12	api.apple-cloudkit.com
17.248.199.66	gateway.icloud.com
17.248.199.66	p131-caldav.icloud.com
17.248.199.66	p131-contacts.icloud.com
17.248.199.66	setup.icloud.com
17.248.199.66,17.248.199.69,17.248.199.68,17.248.199.12,17.248.199.65,17.248.199.70,17.248.199.67	api.apple-cloudkit.fe2.apple-dns.net
17.248.199.66,17.248.199.71,17.248.199.70,17.248.199.67,17.248.199.64,17.248.199.68,17.248.199.12	p131-contacts.icloud.com
17.248.199.67	mask-api.icloud.com
17.248.199.67	p112-availability.icloud.com
17.248.199.67	p112-sharedstreams.icloud.com
17.248.199.67	p131-caldav.icloud.com
17.248.199.67	p131-contacts.icloud.com
17.248.199.67	setup.icloud.com
17.248.199.67,17.248.199.12,17.248.199.66,17.248.199.64,17.248.199.65,17.248.199.69	api.apple-cloudkit.fe2.apple-dns.net
17.248.199.67,17.248.199.12,17.248.199.68,17.248.199.70,17.248.199.69	api.apple-cloudkit.fe2.apple-dns.net
17.248.199.67,17.248.199.64,17.248.199.12,17.248.199.69,17.248.199.68	p131-caldav.icloud.com
17.248.199.67,17.248.199.66,17.248.199.12,17.248.199.71,17.248.199.69	api.apple-cloudkit.com
17.248.199.67,17.248.199.66,17.248.199.68,17.248.199.69,17.248.199.12	contacts.fe2.apple-dns.net
17.248.199.67,17.248.199.66,17.248.199.71,17.248.199.64,17.248.199.12,17.248.199.68	setup.icloud.com
17.248.199.67,17.248.199.69,17.248.199.64,17.248.199.70,17.248.199.68,17.248.199.65	p112-availability.icloud.com
17.248.199.67,17.248.199.71,17.248.199.65,17.248.199.68,17.248.199.12,17.248.199.70	p131-contacts.icloud.com
17.248.199.68	api.apple-cloudkit.com
17.248.199.68	attester.gateway.icloud.com
17.248.199.68	gateway.icloud.com
17.248.199.68	mask-api.icloud.com
17.248.199.68	p131-quota.icloud.com
17.248.199.68,17.248.199.64,17.248.199.12,17.248.199.69,17.248.199.67,17.248.199.71	p131-quota.icloud.com
17.248.199.68,17.248.199.64,17.248.199.65,17.248.199.69,17.248.199.66,17.248.199.67	gateway.fe2.apple-dns.net
17.248.199.68,17.248.199.65,17.248.199.12	api.apple-cloudkit.com
17.248.199.68,17.248.199.66,17.248.199.64,17.248.199.71,17.248.199.12	attester.gateway.icloud.com
17.248.199.68,17.248.199.71,17.248.199.64,17.248.199.12	api.apple-cloudkit.fe2.apple-dns.net
17.248.199.69	calendars.icloud.com
17.248.199.69	gateway.icloud.com
17.248.199.69	p112-availability.icloud.com
17.248.199.69	p131-caldav.icloud.com
17.248.199.69	p131-contacts.icloud.com
17.248.199.69,17.248.199.12,17.248.199.66,17.248.199.67,17.248.199.68,17.248.199.70,17.248.199.64	gateway.icloud.com
17.248.199.69,17.248.199.64,17.248.199.12,17.248.199.65,17.248.199.70,17.248.199.66	contacts.fe2.apple-dns.net
17.248.199.69,17.248.199.64,17.248.199.68,17.248.199.71,17.248.199.12	api.apple-cloudkit.com
17.248.199.69,17.248.199.65,17.248.199.71,17.248.199.64,17.248.199.67,17.248.199.66	api.apple-cloudkit.com
17.248.199.69,17.248.199.67,17.248.199.12,17.248.199.71,17.248.199.64,17.248.199.70,17.248.199.66	p131-contacts.icloud.com
17.248.199.69,17.248.199.67,17.248.199.64,17.248.199.65,17.248.199.70	calendars.icloud.com
17.248.199.69,17.248.199.71,17.248.199.68,17.248.199.64	p131-contacts.icloud.com
17.248.199.70	p131-caldav.icloud.com
17.248.199.70	p131-contacts.icloud.com
17.248.199.70	p131-quota.icloud.com
17.248.199.70,17.248.199.12,17.248.199.66,17.248.199.68	p131-escrowproxy.icloud.com
17.248.199.70,17.248.199.68,17.248.199.66,17.248.199.67	p131-quota.icloud.com
17.248.199.70,17.248.199.69,17.248.199.12,17.248.199.68	api.apple-cloudkit.com
17.248.199.70,17.248.199.69,17.248.199.67,17.248.199.71,17.248.199.12	p131-contacts.icloud.com
17.248.199.70,17.248.199.69,17.248.199.71,17.248.199.66	p112-availability.icloud.com
17.248.199.71	gateway.icloud.com
17.248.199.71	p112-sharedstreams.icloud.com
17.248.199.71	p131-caldav.icloud.com
17.248.199.71	p131-contacts.icloud.com
17.248.199.71,17.248.199.64,17.248.199.70,17.248.199.65,17.248.199.12	p131-caldav.icloud.com
17.248.199.71,17.248.199.66,17.248.199.69,17.248.199.67,17.248.199.64	api.apple-cloudkit.fe2.apple-dns.net
17.248.199.71,17.248.199.67,17.248.199.12,17.248.199.68,17.248.199.70,17.248.199.64,17.248.199.65	p112-sharedstreams.icloud.com
17.248.199.71,17.248.199.67,17.248.199.66,17.248.199.12,17.248.199.69,17.248.199.68	p112-sharedstreams.icloud.com
17.248.199.71,17.248.199.70,17.248.199.66,17.248.199.67,17.248.199.69,17.248.199.68	p131-caldav.icloud.com
17.248.202.64	gateway.icloud.com
17.248.202.65	gateway.icloud.com
17.248.202.66	gateway.icloud.com
17.248.202.7	gateway.icloud.com
17.248.231.128	metrics.icloud.com
17.248.231.130	metrics.icloud.com
17.248.231.130,17.248.231.128,17.248.231.129	metrics.icloud.com
17.253.125.201	pancake.apple.com
17.253.125.201,17.253.125.203,17.253.24.198,17.253.24.202	pancake.apple.com
17.253.125.201,17.253.24.195,17.253.125.203,17.253.24.201	pancake.apple.com
17.253.125.203	pancake.apple.com
17.253.125.205	gsp-ssl.ls.apple.com
17.253.125.205	gsp57-ssl-revgeo.ls.apple.com
17.253.125.205	proxy-safebrowsing.googleapis.com
17.253.125.205	token.safebrowsing.apple
17.253.125.205,17.253.3.197,17.253.97.207,17.253.3.195	proxy.safebrowsing.apple
17.253.125.205,17.253.3.199	gsp57-ssl-revgeo.ls.apple.com
17.253.125.205,17.253.3.199,17.253.3.195,17.253.97.207	safebrowsing-proxy.g.aaplimg.com
17.253.125.205,17.253.3.200,17.253.3.196,17.253.3.195	safebrowsing-proxy.g.aaplimg.com
17.253.125.205,17.253.3.200,17.253.3.197,17.253.97.207	safebrowsing-proxy.g.aaplimg.com
17.253.125.205,17.253.3.201	gsp-ssl.ls.apple.com
17.253.125.205,17.253.3.202,17.253.3.199,17.253.3.200	token.safebrowsing.apple
17.253.125.205,17.253.97.207,17.253.3.197,17.253.3.198	safebrowsing-proxy.g.aaplimg.com
17.253.2.35,17.253.2.37,17.253.20.45	time.g.aaplimg.com
17.253.2.35,17.253.2.45,17.253.20.45	time.apple.com
17.253.2.35,17.253.20.45,17.253.2.45	time.apple.com
17.253.2.35,17.253.20.45,17.253.2.45	time.g.aaplimg.com
17.253.2.37,17.253.2.35,17.253.20.45	time.apple.com
17.253.2.37,17.253.2.35,17.253.20.45	time.g.aaplimg.com
17.253.2.37,17.253.2.45,17.253.20.45	time.apple.com
17.253.2.37,17.253.20.45,17.253.2.43	time.apple.com
17.253.2.43,17.253.20.45,17.253.2.45	time.apple.com
17.253.2.45,17.253.2.35,17.253.20.45	time.g.aaplimg.com
17.253.2.45,17.253.2.43,17.253.20.45	time.g.aaplimg.com
17.253.20.45,17.253.2.35,17.253.2.43	time.g.aaplimg.com
17.253.20.45,17.253.2.37,17.253.2.45	time.g.aaplimg.com
17.253.20.45,17.253.2.43,17.253.2.45	time.g.aaplimg.com
17.253.20.45,17.253.2.45,17.253.2.35	time.apple.com
17.253.20.45,17.253.2.45,17.253.2.37	time.apple.com
17.253.20.45,17.253.2.45,17.253.2.43	time.apple.com
17.253.24.197,17.253.125.203,17.253.125.201,17.253.24.199	pancake.apple.com
17.253.24.200	pancake.apple.com
17.253.24.200,17.253.125.203,17.253.24.199,17.253.125.201	pancake.apple.com
17.253.3.132	ipcdn.apple.com
17.253.3.132	sylvan.apple.com
17.253.3.132,17.253.3.137	ipcdn.apple.com
17.253.3.132,17.253.3.142	sylvan.apple.com
17.253.3.133	cabana-server.cdn-apple.com
17.253.3.133	gspe35-ssl.ls.apple.com
17.253.3.133	ocsp2.apple.com
17.253.3.133,17.253.3.135	cabana-server.cdn-apple.com
17.253.3.133,17.253.3.135	ocsp2.apple.com
17.253.3.133,17.253.3.137	mesu.g.aaplimg.com
17.253.3.133,17.253.3.138	gspe35-ssl.ls.apple.com
17.253.3.133,17.253.3.144	configuration.v.aaplimg.com
17.253.3.134	configuration.apple.com
17.253.3.134	gspe21-ssl.ls.apple.com
17.253.3.134	publicassets.cdn-apple.com
17.253.3.134,17.253.3.132	publicassets.cdn-apple.com
17.253.3.134,17.253.3.136	configuration.apple.com.akadns.net
17.253.3.136	ocsp2.apple.com
17.253.3.136,17.253.3.135	ocsp2.apple.com
17.253.3.136,17.253.3.137	ocsp2.g.aaplimg.com
17.253.3.137	cdsassets.apple.com
17.253.3.137	configuration.ls.apple.com
17.253.3.137	gspe35-ssl.ls.apple.com
17.253.3.137	mesu.apple.com
17.253.3.137	publicassets.cdn-apple.com
17.253.3.137	valid.apple.com
17.253.3.137,17.253.3.131	configuration.ls.apple.com
17.253.3.137,17.253.3.133	mesu-cdn.origin-apple.com.akadns.net
17.253.3.137,17.253.3.135	cdsassets.apple.com
17.253.3.137,17.253.3.138	valid.apple.com
17.253.3.137,17.253.3.139	publicassets.cdn-apple.com
17.253.3.137,17.253.3.140	valid.apple.com
17.253.3.137,17.253.3.143	gspe35-ssl.ls.apple.com
17.253.3.138	gspe21-ssl.ls.apple.com
17.253.3.138	mesu.apple.com
17.253.3.138	ocsp2.apple.com
17.253.3.138	valid.apple.com
17.253.3.138,17.253.3.134	gspe21-ssl.ls.apple.com
17.253.3.138,17.253.3.141	ocsp2.apple.com
17.253.3.139	configuration.apple.com
17.253.3.139	configuration.ls.apple.com
17.253.3.139	mesu.apple.com
17.253.3.139	news.iadsdk.apple.com
17.253.3.139,17.253.3.133	news.iadsdk.apple.com
17.253.3.139,17.253.3.137	publicassets.cdn-apple.g.aaplimg.com
17.253.3.139,17.253.3.143	configuration-lb.ls-apple.com.akadns.net
17.253.3.139,17.253.3.143	configuration.apple.com
17.253.3.139,17.253.3.143	mesu.g.aaplimg.com
17.253.3.140	ocsp2.apple.com
17.253.3.140,17.253.3.135	ocsp2.apple.com
17.253.3.141	configuration.apple.com
17.253.3.141	mesu.apple.com
17.253.3.141	ocsp2.apple.com
17.253.3.141,17.253.3.131	configuration.v.aaplimg.com
17.253.3.141,17.253.3.131	sylvan.g.aaplimg.com
17.253.3.141,17.253.3.133	ocsp2.apple.com
17.253.3.141,17.253.3.134	mesu.apple.com
17.253.3.141,17.253.3.144	gspe35-cdn.v.aaplimg.com
17.253.3.142	ocsp2.apple.com
17.253.3.142,17.253.3.141	ocsp2.apple.com
17.253.3.143	mesu.apple.com
17.253.3.143	ocsp2.apple.com
17.253.3.143,17.253.3.138	ocsp2.apple.com
17.253.3.143,17.253.3.139	mesu-cdn.origin-apple.com.akadns.net
17.253.3.144	device-config.pcms.apple.com
17.253.3.144	ipcdn.apple.com
17.253.3.144	mesu.apple.com
17.253.3.144	ocsp2.apple.com
17.253.3.144,17.253.3.132	device-config.pcms.apple.com
17.253.3.144,17.253.3.132	mesu.apple.com
17.253.3.144,17.253.3.139	mesu-cdn.origin-apple.com.akadns.net
17.253.3.144,17.253.3.140	ocsp2.apple.com
17.253.3.144,17.253.3.142	ocsp2.apple.com
17.253.3.144,17.253.3.145	ipcdn.apple.com
17.253.3.145	configuration.ls.apple.com
17.253.3.145	mesu.apple.com
17.253.3.145,17.253.3.136	mesu.g.aaplimg.com
17.253.3.145,17.253.3.140	configuration.ls.apple.com
17.253.3.145,17.253.3.144	ipcdn.g.aaplimg.com
17.253.3.146	configuration.ls.apple.com
17.253.3.146	mesu.apple.com
17.253.3.146	ocsp2.apple.com
17.253.3.146,17.253.3.133	configuration-lb.ls-apple.com.akadns.net
17.253.3.146,17.253.3.138	mesu-cdn.origin-apple.com.akadns.net
17.253.3.146,17.253.3.142	ocsp2.g.aaplimg.com
17.253.3.197,17.253.125.205,17.253.97.207,17.253.3.200	proxy.safebrowsing.apple
17.253.3.202	gsp-ssl.ls.apple.com
17.253.3.202	token.safebrowsing.apple
17.253.3.202,17.253.125.205	gsp-ssl.ls.apple.com
17.253.97.207	proxy-safebrowsing.googleapis.com
17.253.97.207,17.253.125.205,17.253.3.197,17.253.3.199	proxy.safebrowsing.apple
17.253.97.207,17.253.3.198,17.253.125.205,17.253.3.199	proxy.safebrowsing.apple
17.32.194.34	gsa.apple.com
17.32.194.34,17.32.194.2	gsa.apple.com
17.33.192.58	sas.pcms.apple.com
17.33.192.58,17.33.193.247,17.33.194.222,17.253.200.1,17.253.207.1,204.19.119.1,204.26.57.1	sas.pcms.apple.com
17.33.193.247	sas.pcms.apple.com
17.33.202.88	sse-ws-p189.apple.com
17.33.203.39	gdmf-ados.apple.com
17.36.206.8	gsp64-ssl.ls.apple.com
17.56.138.35	cma.itunes.apple.com
17.57.12.242	gs-loc.apple.com
17.57.12.242,17.57.12.16,17.57.12.243	gs-loc.apple.com
17.57.144.10,17.57.144.11,17.57.144.12	1-courier.push.apple.com
17.57.144.10,17.57.144.11,17.57.144.12	1.courier-push-apple.com.akadns.net
17.57.144.11,17.57.144.12,17.57.144.10	1-courier.push.apple.com
17.57.144.12,17.57.144.10,17.57.144.11	1.courier-push-apple.com.akadns.net
17.57.144.12,17.57.144.11,17.57.144.10	1.courier-push-apple.com.akadns.net
17.57.144.54,17.57.144.55	1-courier.push.apple.com
17.57.147.4,17.57.147.6,17.57.147.5,17.57.147.7	1.courier-push-apple.com.akadns.net
17.57.147.4,17.57.147.6,17.57.147.7,17.57.147.5	1.courier-push-apple.com.akadns.net
17.57.147.5,17.57.147.4,17.57.147.7,17.57.147.6	1.courier-push-apple.com.akadns.net
17.57.147.5,17.57.147.7,17.57.147.6,17.57.147.4	1.courier-push-apple.com.akadns.net
17.57.147.6,17.57.147.5,17.57.147.4,17.57.147.7	1-courier.push.apple.com
17.57.147.6,17.57.147.5,17.57.147.7,17.57.147.4	1-courier.push.apple.com
17.57.147.7,17.57.147.5,17.57.147.4,17.57.147.6	1-courier.push.apple.com
17.57.147.7,17.57.147.6,17.57.147.4,17.57.147.5	1.courier-push-apple.com.akadns.net
17.57.147.7,17.57.147.6,17.57.147.5,17.57.147.4	1-courier.push.apple.com
17.57.147.7,17.57.147.6,17.57.147.5,17.57.147.4	1.courier-push-apple.com.akadns.net
17.57.172.10	gs-loc.apple.com
17.57.172.10,17.57.172.11	gs-loc.ls-apple.com.akadns.net
172.217.129.39	rr2---sn-vgqsknek.googlevideo.com
172.217.129.70	rr1---sn-vgqsknll.googlevideo.com
172.217.165.1	apidata.googleusercontent.com
172.217.165.10	waa-pa.clients6.google.com
172.217.165.14	docs.google.com
172.217.165.14	www.youtube.com
172.224.186.197	mask.icloud.com
172.224.186.197,172.224.186.13,172.224.186.5,172.224.186.198,172.224.186.17,172.224.186.7,172.224.186.196,172.224.186.15	mask.apple-dns.net
172.224.91.10	mask.icloud.com
172.224.91.10,172.224.91.6,172.224.91.5,172.224.91.4,172.224.91.15,172.224.91.13,172.224.91.12,172.224.91.14	mask.apple-dns.net
172.224.91.10,172.224.91.7,172.224.91.11,172.224.91.13,172.224.91.9,172.224.91.5,172.224.91.15,172.224.91.14	mask.icloud.com
172.224.91.10,172.224.91.9,172.224.91.6,172.224.91.14,172.224.91.5,172.224.91.11,172.224.91.13,172.224.91.7	mask.apple-dns.net
172.224.91.11	mask.icloud.com
172.224.91.11,172.224.91.12,172.224.91.5,172.224.91.4,172.224.91.9,172.224.91.14,172.224.91.7,172.224.91.13	mask.apple-dns.net
172.224.91.11,172.224.91.13,172.224.91.14,172.224.91.15,172.224.91.12,172.224.91.4,172.224.91.6,172.224.91.10	mask.apple-dns.net
172.224.91.11,172.224.91.15,172.224.91.7,172.224.91.10,172.224.91.5,172.224.91.12,172.224.91.9,172.224.91.6	mask.apple-dns.net
172.224.91.11,172.224.91.4,172.224.91.5,172.224.91.14,172.224.91.6,172.224.91.12,172.224.91.13,172.224.91.7	mask.apple-dns.net
172.224.91.11,172.224.91.5,172.224.91.7,172.224.91.9,172.224.91.12,172.224.91.10,172.224.91.4,172.224.91.6	mask.apple-dns.net
172.224.91.12,172.224.91.9,172.224.91.15,172.224.91.10,172.224.91.4,172.224.91.13,172.224.91.5,172.224.91.7	mask.apple-dns.net
172.224.91.13	mask.icloud.com
172.224.91.13,172.224.91.11,172.224.91.14,172.224.91.15,172.224.91.12,172.224.91.6,172.224.91.7,172.224.91.9	mask.icloud.com
172.224.91.13,172.224.91.14,172.224.91.11,172.224.91.5,172.224.91.7,172.224.91.9,172.224.91.4,172.224.91.15	mask.icloud.com
172.224.91.13,172.224.91.7,172.224.91.4,172.224.91.14,172.224.91.11,172.224.91.5,172.224.91.15,172.224.91.10	mask.apple-dns.net
172.224.91.13,172.224.91.9,172.224.91.4,172.224.91.15,172.224.91.6,172.224.91.12,172.224.91.7,172.224.91.10	mask.apple-dns.net
172.224.91.14	mask.icloud.com
172.224.91.14,172.224.91.11,172.224.91.12,172.224.91.9,172.224.91.4,172.224.91.10,172.224.91.13,172.224.91.6	mask.apple-dns.net
172.224.91.14,172.224.91.5,172.224.91.7,172.224.91.4,172.224.91.15,172.224.91.9,172.224.91.6,172.224.91.13	mask.apple-dns.net
172.224.91.14,172.224.91.6,172.224.91.13,172.224.91.7,172.224.91.9,172.224.91.5,172.224.91.12,172.224.91.10	mask.icloud.com
172.224.91.15	mask.icloud.com
172.224.91.15,172.224.91.10,172.224.91.4,172.224.91.13,172.224.91.11,172.224.91.7,172.224.91.14,172.224.91.6	mask.icloud.com
172.224.91.15,172.224.91.4,172.224.91.5,172.224.91.11,172.224.91.7,172.224.91.13,172.224.91.10,172.224.91.9	mask.icloud.com
172.224.91.15,172.224.91.6,172.224.91.10,172.224.91.9,172.224.91.4,172.224.91.12,172.224.91.5,172.224.91.11	mask.apple-dns.net
172.224.91.4	mask.icloud.com
172.224.91.4,172.224.91.11,172.224.91.10,172.224.91.7,172.224.91.12,172.224.91.9,172.224.91.15,172.224.91.6	mask.icloud.com
172.224.91.4,172.224.91.13,172.224.91.5,172.224.91.14,172.224.91.9,172.224.91.12,172.224.91.7,172.224.91.15	mask-h2.icloud.com
172.224.91.4,172.224.91.6,172.224.91.13,172.224.91.11,172.224.91.9,172.224.91.14,172.224.91.7,172.224.91.5	mask.icloud.com
172.224.91.6	mask.icloud.com
172.224.91.6,172.224.91.10,172.224.91.9,172.224.91.4,172.224.91.12,172.224.91.11,172.224.91.13,172.224.91.5	mask.icloud.com
172.224.91.6,172.224.91.13,172.224.91.14,172.224.91.12,172.224.91.5,172.224.91.9,172.224.91.11,172.224.91.4	mask.apple-dns.net
172.224.91.6,172.224.91.15,172.224.91.9,172.224.91.5,172.224.91.4,172.224.91.7,172.224.91.10,172.224.91.14	mask.apple-dns.net
172.224.91.7	mask.icloud.com
172.224.91.7,172.224.91.15,172.224.91.10,172.224.91.9,172.224.91.11,172.224.91.5,172.224.91.6,172.224.91.12	mask.icloud.com
172.224.91.7,172.224.91.5,172.224.91.14,172.224.91.6,172.224.91.12,172.224.91.15,172.224.91.4,172.224.91.9	mask.apple-dns.net
172.224.91.7,172.224.91.6,172.224.91.14,172.224.91.15,172.224.91.4,172.224.91.9,172.224.91.10,172.224.91.13	mask.apple-dns.net
172.224.91.9	mask.icloud.com
172.224.91.9,172.224.91.12,172.224.91.13,172.224.91.15,172.224.91.11,172.224.91.10,172.224.91.6,172.224.91.7	mask.apple-dns.net
172.64.146.140	api.workos.com
172.64.146.140	forwarder.workos.com
172.64.147.122	clerk-telemetry.com
172.64.149.54	gauth.convex.dev
172.64.153.110	equal-impala-28.clerk.accounts.dev
172.64.155.119	geolocation.onetrust.com
172.64.155.119	privacyportal.onetrust.com
172.64.68.64	cp10.cloudflare.com
172.64.68.64,172.64.69.64,162.159.196.64,162.159.194.64	cp10.cloudflare.com
172.64.68.66	apple-relay.cloudflare.com
172.64.68.66,162.159.194.66,172.64.69.66,162.159.196.66	apple-relay.cloudflare.com
172.64.80.1	cloudflare-ech.com
172.66.0.227	syndication.twitter.com
172.66.44.77	cloudflare-ech.com
172.66.47.179	cloudflare-ech.com
172.67.69.61	api.monkeytype.com
172.67.69.61	monkeytype.com
172.67.70.191	www.exceldemy.com
173.194.133.103	rr2---sn-vgqsrnzy.googlevideo.com
173.194.55.102	rr1---sn-vgqskn6s.googlevideo.com
173.194.55.41	rr4---sn-vgqsrnz7.googlevideo.com
174.142.116.47	mcgill.bluera.com
18.208.88.157	docs.convex.dev
18.238.49.116	cdn.cr-relay.com
18.238.80.106	s.brightspace.com
18.238.80.18	s.brightspace.com
18.238.80.81	s.brightspace.com
18.67.17.36	dl.duosecurity.com
18.67.17.36,18.67.17.100,18.67.17.95,18.67.17.101	dl.duosecurity.com
184.150.154.75	res.public.onecdn.static.microsoft
184.150.154.75,184.150.154.99,184.150.154.107,184.150.154.91,184.150.154.90,184.150.154.88,184.150.154.73,184.150.154.105,184.150.154.97	res.public.onecdn.static.microsoft
184.150.168.238	rr3---sn-cxaaj5o5q5-t0a6.googlevideo.com
184.150.168.240	rr5---sn-cxaaj5o5q5-t0a6.googlevideo.com
184.150.168.241	rr6---sn-cxaaj5o5q5-t0a6.googlevideo.com
184.150.37.140	rr1---sn-cxaaj5o5q5-t0ar.googlevideo.com
184.150.37.141	rr2---sn-cxaaj5o5q5-t0ar.googlevideo.com
184.150.58.137	apps.mzstatic.com
184.150.58.137,184.150.58.146	a339.dscgi3.akamai.net
184.150.58.137,184.150.58.146	apps.mzstatic.com-v1.edgesuite.net
184.150.64.19	r8---sn-cxaaj5o5q5-tt1el.googlevideo.com
184.150.65.143	rr4---sn-cxaaj5o5q5-t0ad.googlevideo.com
184.150.65.208	rr5---sn-cxaaj5o5q5-t0ak.googlevideo.com
184.150.70.89	metadata.templates.cdn.office.net
184.150.70.89,184.150.70.139,184.150.70.82	metadata.templates.cdn.office.net
184.24.168.241	experiments.apple.com
184.25.135.120	www.apple.com
184.26.197.208	ee.channels.ocs.oraclecloud.com
184.31.140.235	support.content.office.net
184.31.146.230	support-sp.apple.com
184.31.24.117	swscan.apple.com
184.31.27.142	www.apple.com
185.199.108.133	avatars.githubusercontent.com
185.199.108.154	opengraph.githubassets.com
185.199.109.133	avatars.githubusercontent.com
185.199.109.133	camo.githubusercontent.com
185.199.109.133	raw.githubusercontent.com
185.199.109.154	github.githubassets.com
185.199.111.133	avatars.githubusercontent.com
185.93.1.245	scx2.b-cdn.net
192.0.0.170,192.0.0.171	ipv4only.arpa
192.0.0.171,192.0.0.170	ipv4only.arpa
192.0.73.2	secure.gravatar.com
192.168.2.68	_raop._tcp.local,_airplay._tcp.local
192.178.218.84	accounts.google.com
192.29.100.90	rules.ee.channels.ocs.oraclecloud.com
198.169.1.193	vercel.com
198.169.2.193	vercel.com
20.189.173.3	mobile.events.data.microsoft.com
20.189.173.5	mobile.events.data.microsoft.com
20.190.135.17	login.microsoftonline.com
20.190.135.3	login.microsoftonline.com
20.190.135.4	login.live.com
20.190.139.168	graph.microsoft.com
20.190.139.168,20.190.139.174,20.190.139.173	graph.microsoft.com
20.190.139.174	graph.microsoft.com
20.190.139.174,20.190.139.168,20.190.139.173	graph.microsoft.com
20.190.157.4	login.microsoftonline.com
20.190.157.4,40.126.29.11,20.190.157.14,40.126.29.14,40.126.29.7,40.126.29.6,40.126.29.15,20.190.157.9	login.microsoftonline.com
20.42.65.89	mobile.events.data.microsoft.com
20.42.65.91	mobile.events.data.microsoft.com
20.44.10.122	mobile.events.data.microsoft.com
20.83.18.132	links.duckduckgo.com
203.22.241.16	prod-id-assets.elsevier-ae.com
203.22.241.18	id.elsevier.com
203.22.241.2	static.engineeringvillage.com
203.22.241.2	www.engineeringvillage.com
203.22.241.3	www.engineeringvillage.com
216.150.1.1	hubspotonwebflow.com
216.198.79.195	lyceum-five.vercel.app
216.239.32.178	www.google-analytics.com
216.239.32.178,216.239.38.178,216.239.34.178,216.239.36.178	www.google-analytics.com
216.239.38.119	restrictmoderate.youtube.com
216.239.38.120	forcesafesearch.google.com
216.239.38.120	restrict.youtube.com
23.101.168.44	arc.msn.com
23.11.208.235	assets.adobedtm.com
23.192.220.13	img1.wsimg.com
23.192.220.17	img1.wsimg.com
23.192.28.213	iadsdk.apple.com
23.192.29.91	assets.adobedtm.com
23.192.30.102	www.microsoft.com
23.192.30.102	www.microsoft.com-c-3.edgekey.net
23.192.53.222	www.microsoft.com
23.202.227.144	e3528.dscg.akamaiedge.net
23.202.227.144	ocsp2.apple.com
23.202.227.144	ocsp2.g.aaplimg.com
23.203.241.22	www.apple.com
23.214.73.104	configuration.apple.com
23.214.73.104	init.itunes.apple.com
23.214.73.104	itunes.apple.com
23.214.73.104	pd.itunes.apple.com
23.214.73.104	s.mzstatic.com
23.214.73.104	su.itunes.apple.com
23.222.17.71	consent.cookiebot.com
23.223.17.208	i.scdn.co
23.39.212.33	sf-api-token-service.itunes.apple.com
23.43.243.136	fpinit.itunes.apple.com
23.43.243.136	sandbox.itunes.apple.com
23.43.243.136,23.43.243.146	fpinit.edge-itunes-apple.com.akadns.net
23.43.243.136,23.43.243.146	musicstatus.edge-itunes-apple.com.akadns.net
23.43.243.136,23.43.243.146,23.43.243.147	fpinit-us-e.edge-itunes-apple.com.akadns.net
23.43.243.136,23.43.243.170,23.43.243.171,23.43.243.162,23.43.243.145,23.43.243.153,23.43.243.144,23.43.243.146	fpinit.itunes.apple.com
23.43.243.138	fpinit.itunes.apple.com
23.43.243.138,23.43.243.160,23.43.243.144,23.43.243.136,23.43.243.171	commerce.itunes.apple.com.edgesuite.net
23.43.243.146	musicstatus.itunes.apple.com
23.43.243.146,23.43.243.137,23.43.243.144,23.43.243.169,23.43.243.145,23.43.243.136,23.43.243.154,23.43.243.155,23.43.243.170	musicstatus.itunes.apple.com
23.43.243.153	entitlements.itunes.apple.com
23.43.243.153	fpinit.itunes.apple.com
23.43.243.155	gspe1-ssl.ls.apple.com
23.43.243.155,23.43.243.146	gspe1-ssl.ls.apple.com
23.43.243.160,23.43.243.162,23.43.243.147,23.43.243.139,23.43.243.169,23.43.243.145,23.43.243.137,23.43.243.168,23.43.243.155	musicstatus-us-e.edge-itunes-apple.com.akadns.net
23.43.243.161	entitlements.itunes.apple.com
23.43.243.161	fpinit.itunes.apple.com
23.43.243.161,23.43.243.162,23.43.243.144,23.43.243.145,23.43.243.146,23.43.243.138,23.43.243.154,23.43.243.160,23.43.243.139	entitlements.itunes.apple.com
23.43.243.168	sandbox.itunes.apple.com
23.43.243.168,23.43.243.138,23.43.243.171,23.43.243.136	sandbox.itunes.apple.com
23.49.95.239	consentcdn.cookiebot.com
23.49.95.239	imgsct.cookiebot.com
23.51.57.212	fa000000110.resources.office.net
23.51.58.119	ocsp2.apple.com
23.58.149.183	www.microsoft.com-c-3.edgekey.net
23.58.191.18	e3913.cd.akamaiedge.net
23.58.191.18	ocsp.digicert.com
23.58.191.18	ocsp.edge.digicert.com
23.58.91.134	www.apple.com
23.60.115.234	uhf.microsoft.com
23.60.176.33	configuration.apple.com
23.60.176.33	init.itunes.apple.com
23.60.176.33	s.mzstatic.com
23.60.177.14	swdist.apple.com
23.60.177.14	swscan.apple.com
23.60.178.101	www.microsoft.com
23.60.178.101	www.microsoft.com-c-3.edgekey.net
23.60.178.185	xp-cdn-lb.itunes-apple.com.akadns.net
23.60.178.185	xp.apple.com
239.255.255.250	239.255.255.250:1900
3.161.213.106	dl.duosecurity.com
3.161.213.106,3.161.213.16,3.161.213.40,3.161.213.33	dl.duosecurity.com
3.161.213.106,3.161.213.33,3.161.213.16,3.161.213.40	dl.duosecurity.com
3.161.213.106,3.161.213.33,3.161.213.40,3.161.213.16	dl.duosecurity.com
3.161.213.106,3.161.213.40,3.161.213.16,3.161.213.33	dl.duosecurity.com
3.161.213.106,3.161.213.40,3.161.213.33,3.161.213.16	dl.duosecurity.com
3.161.213.118	backend.raycast.com
3.161.213.118,3.161.213.67,3.161.213.76,3.161.213.127	backend.raycast.com
3.161.213.127	backend.raycast.com
3.161.213.127,3.161.213.76,3.161.213.67,3.161.213.118	d1w35p7klh9xkc.cloudfront.net
3.161.213.16	dl.duosecurity.com
3.161.213.16,3.161.213.33,3.161.213.106,3.161.213.40	dl.duosecurity.com
3.161.213.16,3.161.213.33,3.161.213.40,3.161.213.106	dl.duosecurity.com
3.161.213.16,3.161.213.40,3.161.213.106,3.161.213.33	dl.duosecurity.com
3.161.213.16,3.161.213.40,3.161.213.33,3.161.213.106	dl.duosecurity.com
3.161.213.33	dl.duosecurity.com
3.161.213.33,3.161.213.106,3.161.213.16,3.161.213.40	dl.duosecurity.com
3.161.213.33,3.161.213.106,3.161.213.40,3.161.213.16	dl.duosecurity.com
3.161.213.33,3.161.213.16,3.161.213.106,3.161.213.40	dl.duosecurity.com
3.161.213.33,3.161.213.16,3.161.213.40,3.161.213.106	dl.duosecurity.com
3.161.213.33,3.161.213.40,3.161.213.106,3.161.213.16	dl.duosecurity.com
3.161.213.33,3.161.213.40,3.161.213.16,3.161.213.106	dl.duosecurity.com
3.161.213.35	e.raycast.com
3.161.213.35,3.161.213.60,3.161.213.115,3.161.213.64	e.raycast.com
3.161.213.40	dl.duosecurity.com
3.161.213.40,3.161.213.106,3.161.213.16,3.161.213.33	dl.duosecurity.com
3.161.213.40,3.161.213.106,3.161.213.33,3.161.213.16	dl.duosecurity.com
3.161.213.40,3.161.213.16,3.161.213.106,3.161.213.33	dl.duosecurity.com
3.161.213.40,3.161.213.16,3.161.213.33,3.161.213.106	dl.duosecurity.com
3.161.213.40,3.161.213.33,3.161.213.106,3.161.213.16	dl.duosecurity.com
3.161.213.40,3.161.213.33,3.161.213.16,3.161.213.106	dl.duosecurity.com
3.162.3.5	api.ray.so
3.162.3.5,3.162.3.76,3.162.3.117,3.162.3.68	api.ray.so
3.162.3.55	releases.raycast.com
3.162.3.55,3.162.3.7,3.162.3.88,3.162.3.72	releases.raycast.com
3.162.3.88	releases.raycast.com
3.162.3.88,3.162.3.72,3.162.3.7,3.162.3.55	releases.raycast.com
3.162.3.97,3.162.3.31,3.162.3.43,3.162.3.81	cdn.ablebits.com
3.22.25.12	api.knock.app
3.33.186.135	oxc.rs
3.33.186.135	voidzero.dev
3.33.186.135,15.197.167.90	voidzero.dev
3.33.235.18	clientstream.launchdarkly.com
3.95.129.122	ap.convex.dev
3.96.230.249	prd.ca-central-1.telemetryservice.brightspace.com
31.13.80.12	connect.facebook.net
31.13.80.12	static.xx.fbcdn.net
31.13.80.36	www.facebook.com
34.107.204.85	app.pendo.engineeringvillage.com
34.107.204.85	data.pendo.io
34.107.221.82	detectportal.firefox.com
34.107.243.93	push.services.mozilla.com
34.110.138.217	merino.services.mozilla.com
34.111.138.51	cdn.pendo.engineeringvillage.com
34.120.195.249	o1192621.ingest.sentry.io
34.120.237.76	img-getpocket.cdn.mozilla.net
34.160.122.198	publicsuffix.org
34.160.144.191	content-signature-2.cdn.mozilla.net
34.160.184.151	widget.kapa.ai
34.160.90.233	versioncheck-bg.addons.mozilla.org
34.195.111.96	api.smoot.apple.com
34.196.205.14	api.convex.dev
34.196.205.14,52.203.188.22,13.217.252.135	api.convex.dev
34.216.175.146	fbs.smoot.apple.com
34.36.137.203	ads.mozilla.org
34.36.213.229	cdn.pendo.io
34.36.54.80	ads-img.mozilla.org
34.36.58.112	cdn.sanity.io
34.49.51.44	normandy.cdn.mozilla.net
35.183.161.74	prd.ca-central-1.telemetryservice.brightspace.com
35.185.44.232	malware-filter.gitlab.io
35.186.247.156	sentry.io
35.190.14.201	firefox.com
35.190.14.201	mozilla.org
35.190.14.201	use-application-dns.net
35.190.72.216	classify-client.services.mozilla.com
35.244.181.201	aus5.mozilla.org
40.100.162.178	substrate.office.com
40.100.162.178,40.100.162.194,40.99.236.98,40.99.236.130	ooc-g2.tm-4.office.com
40.112.143.140	officeci-mauservice.azurewebsites.net
40.126.29.11	login.microsoftonline.com
40.126.29.7	login.microsoftonline.com
40.126.29.7,20.190.157.13,40.126.29.13,40.126.29.11,40.126.29.9,20.190.157.2,20.190.157.15,20.190.157.12	login.microsoftonline.com
40.79.173.41	mobile.events.data.microsoft.com
40.79.173.41	onedscolprdaue03.australiaeast.cloudapp.azure.com
40.89.244.232	ac.duckduckgo.com
40.89.244.232	duckduckgo.com
40.89.244.234	external-content.duckduckgo.com
40.99.163.242	autodiscover-s.outlook.com
40.99.163.242	substrate.office.com
40.99.163.242,40.99.226.178,40.99.226.194,40.99.226.210,40.99.227.2,40.99.227.50,40.99.227.66,52.96.215.34	autodiscover-s.outlook.com
40.99.163.242,40.99.226.178,40.99.226.194,40.99.226.210,40.99.227.2,40.99.227.50,40.99.227.66,52.96.215.34	substrate.office.com
40.99.226.178	outlook.office365.com
40.99.226.194	substrate.office.com
44.225.42.84	fbs.smoot.apple.com
45.40.130.49	contact.apps-api.instantpage.secureserver.net
51.104.15.253	mobile.events.data.microsoft.com
51.105.71.136	mobile.events.data.microsoft.com
51.105.71.136	onedscolprduks00.uksouth.cloudapp.azure.com
52.102.112.3	can01.safelinks.protection.outlook.com
52.102.112.3,52.102.112.8,52.102.112.12,52.102.112.24,52.102.112.28,52.102.112.30,52.102.112.34,52.102.112.36	can01.safelinks.protection.outlook.com
52.108.8.12	visio.officeapps.live.com
52.108.8.12,52.108.9.12	visio.officeapps.live.com
52.109.0.127	enrichment.osi.office.net
52.109.13.127	eus-azsc-000.roaming.officeapps.live.com
52.109.13.127	roaming.officeapps.live.com
52.109.16.112	osiprod-ncus-buff-azsc-000.northcentralus.cloudapp.azure.com
52.109.16.112	prod.roaming1.live.com.akadns.net
52.109.16.112	roaming.officeapps.live.com
52.109.16.112	us1.roaming1.live.com.akadns.net
52.109.16.3	messaging.engagement.office.com
52.109.16.4	ocws.officeapps.live.com
52.109.16.83	ols.officeapps.live.com
52.109.20.38	officeclient.microsoft.com
52.109.20.38	scus-azsc-config.officeapps.live.com
52.109.6.63	osiprod-eus2-buff-azsc-000.eastus2.cloudapp.azure.com
52.109.6.63	prod.roaming1.live.com.akadns.net
52.109.6.63	roaming.officeapps.live.com
52.109.6.63	us1.roaming1.live.com.akadns.net
52.109.8.36	prod.roaming1.live.com.akadns.net
52.109.8.36	roaming.officeapps.live.com
52.109.8.36	us1.roaming1.live.com.akadns.net
52.109.8.89	officeclient.microsoft.com
52.111.227.28	odc.officeapps.live.com
52.111.229.43	nexusrules.officeapps.live.com
52.111.236.23	nexusrules.officeapps.live.com
52.111.236.3	addinsinstallation.store.office.com
52.123.128.14	ecs.office.com
52.123.128.14,52.123.129.14	ecs.office.com
52.168.117.174	mobile.events.data.microsoft.com
52.168.117.175	mobile.events.data.microsoft.com
52.182.143.210	mobile.events.data.microsoft.com
52.182.143.210	onedscolprdcus10.centralus.cloudapp.azure.com
52.200.179.149	grandiose-quail-287.convex.cloud
52.200.179.149	opulent-marten-855.convex.cloud
52.200.179.149,52.44.230.118,52.54.48.130	grandiose-quail-287.convex.cloud
52.200.179.149,52.54.48.130,52.44.230.118	grandiose-quail-287.convex.cloud
52.203.188.22	api.convex.dev
52.223.44.121	metrics.kapa.ai
52.44.230.118	grandiose-quail-287.convex.cloud
52.44.230.118,52.200.179.149,52.54.48.130	grandiose-quail-287.convex.cloud
52.44.230.118,52.54.48.130,52.200.179.149	grandiose-quail-287.convex.cloud
52.54.213.109	data.streaming.vercel.sh
52.54.48.130	grandiose-quail-287.convex.cloud
52.54.48.130,52.200.179.149,52.44.230.118	grandiose-quail-287.convex.cloud
52.54.48.130,52.44.230.118,52.200.179.149	grandiose-quail-287.convex.cloud
52.71.220.158	stream.supermaven.com
52.96.245.248,40.99.141.8,40.99.236.136,52.96.230.56	autodiscover.johnabbottcollege.net
54.165.213.88	www.ablebits.com
54.192.51.28	backend.raycast.com
54.192.51.28,54.192.51.25,54.192.51.47,54.192.51.60	backend.raycast.com
54.192.51.60	backend.raycast.com
54.192.51.60,54.192.51.25,54.192.51.47,54.192.51.28	backend.raycast.com
54.235.104.230	auth.elsevier.com
54.68.194.243	ws-us3.pusher.com
63.140.38.248	elsevierlimited.tt.omtrdc.net
63.140.39.68	elsevierlimited.tt.omtrdc.net
63.140.39.78	elsevierlimited.tt.omtrdc.net
66.33.60.130	dashboard.convex.dev
66.33.60.34	dashboard.convex.dev
66.33.60.35	dashboard.convex.dev
66.33.60.66	dashboard.convex.dev
66.33.60.66	www.convex.dev
69.67.149.241	1kie511890.algolia.net
72.251.236.55	phys.org
74.125.0.105	rr4---sn-t0aekn7e.googlevideo.com
74.125.0.106	rr5---sn-t0aekn7e.googlevideo.com
74.125.0.70	rr1---sn-t0aedn7e.googlevideo.com
74.125.0.71	rr2---sn-t0aedn7e.googlevideo.com
74.125.156.135	rr2---sn-vgqsrnz6.googlevideo.com
74.125.174.166	rr1---sn-t0aedn7l.googlevideo.com
74.125.174.167	rr2---sn-t0aedn7l.googlevideo.com
74.125.174.168	rr3---sn-t0aedn7l.googlevideo.com
75.101.227.240	api.sync.t3.chat
76.223.105.230	cliniquedelacitevaudreuil.com
76.76.21.142	dashboard.convex.dev
76.76.21.142	www.convex.dev
76.76.21.21	t3.chat
76.76.21.241	dashboard.convex.dev
81.95.98.179	www.softwareideas.net
98.84.224.111	docs.convex.dev
98.84.224.111	typescript-eslint.io
99.84.160.121	hostedpages.brightspace.com
99.84.234.22	favicon.ray.so
99.84.234.27	api.ray.so
